DATE,FAJR,SUNRISE,DHUHR,ASR,MAGHRIB,ISHA
2026-02-16,5:56,7:11,12:51,4:01,6:32,7:47
2026-02-17,5:55,7:10,12:51,4:01,6:33,7:47
2026-02-18,5:54,7:09,12:51,4:02,6:33,7:48
2026-02-19,5:54,7:08,12:51,4:02,6:34,7:49
2026-02-20,5:53,7:07,12:51,4:03,6:35,7:49
2026-02-21,5:52,7:06,12:51,4:03,6:36,7:50
2026-02-22,5:51,7:05,12:51,4:04,6:37,7:51
2026-02-23,5:50,7:04,12:51,4:04,6:37,7:52
2026-02-24,5:49,7:03,12:50,4:05,6:38,7:52
2026-02-25,5:48,7:02,12:50,4:05,6:39,7:53
2026-02-26,5:47,7:01,12:50,4:06,6:40,7:54
2026-02-27,5:46,7:00,12:50,4:06,6:40,7:54
2026-02-28,5:45,6:59,12:50,4:07,6:41,7:55
2026-03-01,5:44,6:58,12:50,4:07,6:42,7:56
2026-03-02,5:42,6:56,12:49,4:07,6:42,7:57
2026-03-03,5:41,6:55,12:49,4:08,6:43,7:57
2026-03-04,5:40,6:54,12:49,4:08,6:44,7:58
2026-03-05,5:39,6:53,12:49,4:08,6:45,7:59
2026-03-06,5:38,6:52,12:48,4:09,6:45,7:59
2026-03-07,5:37,6:51,12:48,4:09,6:46,8:00
2026-03-08,5:36,6:49,12:48,4:09,6:47,8:01
2026-03-09,5:34,6:48,12:48,4:10,6:47,8:01
2026-03-10,5:33,6:47,12:47,4:10,6:48,8:02
2026-03-11,5:32,6:46,12:47,4:10,6:49,8:03
2026-03-12,5:31,6:45,12:47,4:11,6:50,8:04
2026-03-13,5:29,6:43,12:47,4:11,6:50,8:04
2026-03-14,5:28,6:42,12:46,4:11,6:51,8:05
2026-03-15,5:27,6:41,12:46,4:11,6:52,8:06
2026-03-16,5:26,6:40,12:46,4:11,6:52,8:06
2026-03-17,5:24,6:38,12:46,4:12,6:53,8:07
2026-03-18,5:23,6:37,12:45,4:12,6:54,8:08
2026-03-19,5:22,6:36,12:45,4:12,6:54,8:09
2026-03-20,5:20,6:35,12:45,4:12,6:55,8:09
2026-03-21,5:19,6:33,12:44,4:12,6:56,8:10
2026-03-22,5:18,6:32,12:44,4:12,6:56,8:11
2026-03-23,5:16,6:31,12:44,4:13,6:57,8:12
2026-03-24,5:15,6:30,12:43,4:13,6:58,8:12
2026-03-25,5:14,6:28,12:43,4:13,6:58,8:13
2026-03-26,5:12,6:27,12:43,4:13,6:59,8:14
2026-03-27,5:11,6:26,12:43,4:13,6:59,8:15
2026-03-28,5:10,6:25,12:42,4:13,7:00,8:15
2026-03-29,5:08,6:23,12:42,4:13,7:01,8:16
2026-03-30,5:07,6:22,12:42,4:13,7:01,8:17
2026-03-31,5:06,6:21,12:41,4:13,7:02,8:18
2026-04-01,5:04,6:20,12:41,4:13,7:03,8:18
2026-04-02,5:03,6:18,12:41,4:13,7:03,8:19
2026-04-03,5:01,6:17,12:40,4:13,7:04,8:20
2026-04-04,5:00,6:16,12:40,4:13,7:05,8:21
2026-04-05,4:59,6:15,12:40,4:13,7:05,8:22
2026-04-06,4:57,6:14,12:40,4:14,7:06,8:22
2026-04-07,4:56,6:12,12:39,4:14,7:07,8:23
2026-04-08,4:55,6:11,12:39,4:14,7:07,8:24
2026-04-09,4:53,6:10,12:39,4:14,7:08,8:25
2026-04-10,4:52,6:09,12:39,4:14,7:09,8:26
2026-04-11,4:50,6:07,12:38,4:14,7:09,8:27
2026-04-12,4:49,6:06,12:38,4:14,7:10,8:27
2026-04-13,4:48,6:05,12:38,4:14,7:11,8:28
2026-04-14,4:46,6:04,12:37,4:13,7:11,8:29
2026-04-15,4:45,6:03,12:37,4:13,7:12,8:30
2026-04-16,4:44,6:02,12:37,4:13,7:13,8:31
2026-04-17,4:42,6:01,12:37,4:13,7:13,8:32
2026-04-18,4:41,5:59,12:37,4:13,7:14,8:33
2026-04-19,4:40,5:58,12:36,4:13,7:15,8:34
2026-04-20,4:38,5:57,12:36,4:13,7:15,8:34
2026-04-21,4:37,5:56,12:36,4:13,7:16,8:35
2026-04-22,4:36,5:55,12:36,4:13,7:17,8:36
2026-04-23,4:34,5:54,12:36,4:13,7:17,8:37
2026-04-24,4:33,5:53,12:35,4:13,7:18,8:38
2026-04-25,4:32,5:52,12:35,4:13,7:19,8:39
2026-04-26,4:31,5:51,12:35,4:13,7:19,8:40
2026-04-27,4:29,5:50,12:35,4:13,7:20,8:41
2026-04-28,4:28,5:49,12:35,4:13,7:21,8:42
2026-04-29,4:27,5:48,12:35,4:13,7:22,8:43
2026-04-30,4:26,5:47,12:34,4:13,7:22,8:44
2026-05-01,4:24,5:46,12:34,4:13,7:23,8:45
2026-05-02,4:23,5:45,12:34,4:13,7:24,8:46
2026-05-03,4:22,5:44,12:34,4:13,7:24,8:47
2026-05-04,4:21,5:43,12:34,4:13,7:25,8:48
2026-05-05,4:20,5:42,12:34,4:13,7:26,8:49
2026-05-06,4:19,5:41,12:34,4:13,7:26,8:50